NumElements, MSE_natural, MSE_SGW
10, 0.007808, 0.180874
20, 0.001303, 0.017078
30, 0.000490, 0.007604
40, 0.000252, 0.004274
50, 0.000144, 0.002346
60, 0.000097, 0.001509
70, 0.000069, 0.001028
80, 0.000052, 0.000750
90, 0.000041, 0.000543
100, 0.000034, 0.000394
110, 0.000028, 0.000295
120, 0.000024, 0.000223
130, 0.000021, 0.000171
140, 0.000018, 0.000138
150, 0.000016, 0.000112
160, 0.000014, 0.000092
170, 0.000013, 0.000076
180, 0.000011, 0.000065
190, 0.000010, 0.000056
200, 0.000009, 0.000049
210, 0.000008, 0.000042
220, 0.000008, 0.000036
230, 0.000007, 0.000032
240, 0.000007, 0.000029
250, 0.000006, 0.000026
260, 0.000006, 0.000023
270, 0.000005, 0.000021
280, 0.000005, 0.000018
